{
  "i18n/i18n.properties": 1600245189378,
  "manifest.json": 1600245293587,
  "model/models.js": 1600245189378,
  "controller/View1.controller.js": 1600245189374,
  "Component.js": 1600245189374,
  "manifest-bundle.zip": 1600245293321,
  "Component-preload.js": 1600245293556,
  "Component-dbg.js": 1600245189374,
  "controller/View1-dbg.controller.js": 1600245189374,
  "model/models-dbg.js": 1600245189378,
  "resources.json": 1600245293591,
  "view/View1.view.xml": 1600245235654,
  "css/style.css": 1600245189378,
  "index.html": 1600245189374
}